INSERT INTO USUARIO (Id_Number,Name,Phone_Number ,Role_Id) VALUES (770800953,'Kristen Good',75280291, 0), (290933424,'Dylan Carpenter',71174537, 0), (638995654,'Dean Carlson',23497956, 0), (374287827,'Lev Medina',92156558, 0), (532767616,'Joy Rose',78401863, 0), (581239347,'Raymond Ross',51175025, 0), (405541497,'Hollee Evans',44081944, 0), (103914310,'Ruth Haney',94273304, 0), (160032546,'Caesar Lucas',72284852, 0), (725816107,'Harrison Suarez',20935538, 0),  (103639961,'Laura Cabrera',56652557, 0), (970650143,'Jameson Douglas',88627612, 0), (861806610,'Lane Whitehead',18437399, 0), (221709021,'Hilel Chaney',84039144, 0), (809321662,'Zeus Shepherd',66044157, 0), (816865195,'Jennifer Zamora',12399329, 0), (983616512,'Mannix Flores',93316286, 0), (701057712,'Willow Hatfield',42905007, 0), (788337175,'Vera Christensen',47285127, 0), (402083659,'Lisandra Gibbs',29170817, 0),  (314782477,'Phelan Gentry',30371415, 0), (414621576,'Marvin Reilly',77398871, 0), (100504417,'Amy Rose',30311110, 0), (205275698,'Ann Morrison',11789753, 0), (166694078,'Victor Blanchard',34382786, 0), (408779782,'Zane Lyons',57963083, 0), (230431944,'Emery Frye',52800123, 0), (850059671,'Willow Odom',54783596, 0), (986549153,'Keane Berger',31010464, 0), (917992541,'Cameron Douglas',20896267, 0),  (609230706,'Melinda Sims',45497354, 0), (867026745,'Quentin Young',23703706, 0), (900105550,'Aidan Collier',46990285, 0), (936513681,'Caesar Whitley',38119031, 0), (533506346,'Mariko Charles',44111091, 0), (155261652,'Caleb Morgan',12971942, 0), (236550926,'Demetria Cochran',68967685, 0), (471055124,'Maxwell Gallegos',60627789, 0), (128564200,'Aurelia Sparks',39672791, 0), (628788433,'Oleg Pena',69257505, 0),  (295234549,'Kadeem Jones',74257056, 0), (658173009,'Hu Frye',60792798, 0), (226039403,'Rama Montgomery',27890332, 0), (741041488,'Madeline Hammond',24617482, 0), (375780977,'Oren Wall',35646139, 0), (908167573,'Jasmine Baldwin',87523372, 0), (946103045,'Miranda Barton',16944104, 0), (810730238,'Tiger Garza',15422862, 0), (746459327,'Declan Barrett',99449827, 0), (755291762,'Aladdin Macdonald',71055857, 0),  (752762202,'Kessie Wilkinson',98823464, 0), (530827819,'Reed Salinas',44717035, 0), (967034011,'Ivory Chambers',19345742, 0), (658531759,'Dawn Strong',72736279, 0), (201781519,'Basil Lowe',65700861, 0), (256433280,'Fitzgerald Leonard',25910037, 0), (352361151,'Shelley Sweeney',58222791, 0), (181764723,'Amos Gross',83172244, 0), (337156388,'Arthur Bass',26763946, 0), (306020173,'Salvador Noble',81748150, 0),  (974444157,'Elaine Moses',47054523, 0), (126478200,'Calvin Mullen',89433972, 0);


INSERT INTO USUARIO (Id_Number,Name,Phone_Number,Code, Role_Id) VALUES (324345849,'Lisandra Weeks',82323362,'YMR90XJ', 1), (411499353,'Bell Dillon',11168085,'DKI03CJ', 1), (376307746,'Brittany Hess',95297605,'LNM53CE', 1), (227702524,'Autumn Keller',98344189,'FEZ77XM', 1), (221758985,'Phyllis Gordon',70166255,'FNP85WB', 1), (316598354,'Drake Berry',14143609,'TIR37QJ', 1), (587692430,'Kai Cohen',49420041,'HBE89MG', 1), (437545349,'Jaime Faulkner',96916985,'UWP42OK', 1), (171023690,'Samuel Lewis',72187649,'CIR22LF', 1), (338911699,'Judah Snyder',59512535,'MVH52PM', 1),  (903416834,'Aretha Shepard',62557743,'DBP17TG', 1), (358871345,'Jermaine Mcdowell',29098168,'OQO35NN', 1), (981392278,'Zahir Sykes',97497225,'IHA89AK', 1), (597105960,'Beatrice Pickett',38142235,'DDE12TE', 1), (737237982,'Quemby Williams',97946456,'AFI15LR', 1), (166550809,'Abel Walls',41384678,'WQF70JJ', 1), (927695197,'Barbara Weeks',58766836,'WAD67BV', 1), (813439564,'Josiah Kennedy',94803993,'QGK78VZ', 1), (908823128,'Calista Norton',48691058,'VDL31XP', 1), (942853389,'Julie Hubbard',64625952,'LNM39MB', 1),  (884617340,'Amery Sellers',82704918,'PQL38GO', 1), (923806583,'Audra Reyes',50305228,'PHV88ZM', 1), (462276030,'Mallory Meyer',41407954,'NII10WJ', 1), (518850391,'Basil Daniels',90341527,'IJH36KG', 1), (479467572,'Quintessa Nielsen',64528357,'GGW60SH', 1), (335271125,'Kaitlin Snow',69963346,'YOH30BG', 1), (642683485,'Lewis Pitts',87775877,'PTK84PX', 1), (597765590,'Anjolie Pearson',83469041,'KCW67AD', 1), (238999850,'Clayton Nixon',77905824,'FEY16YD', 1);


INSERT INTO PROJECT (Id_Project,Id_Client,Id_Engineer,Location,Name) VALUES (1,' 752762202 ',' 908823128 ','Ap #379-6865 Semper Avenue','Nunc Sed Libero Inc.'),(2,' 290933424 ',' 338911699 ','P.O. Box 747, 2081 Aenean Rd.','Bibendum Fermentum PC'),(3,' 741041488 ',' 227702524 ','715-5791 Nulla Ave','A Nunc In Inc.'),(4,' 201781519 ','324345849 ','P.O. Box 701, 4524 Posuere Street','Neque Sed Dictum Corporation'),(5,' 810730238 ',' 316598354 ','565-5857 Tellus. Avenue','Euismod Est LLC'),(6,' 226039403 ',' 597105960 ','454-3425 Orci, St.','Libero Consulting'),(7,' 314782477 ',' 238999850','105-2184 Commodo St.','Ipsum Corp.'),(8,' 103914310 ',' 376307746 ','5137 Ut Ave','Fringilla Euismod Enim Consulting'),(9,' 201781519 ',' 903416834 ','364-3100 Urna. St.','Adipiscing Non LLP'),(10,' 809321662 ',' 238999850','821-8349 Luctus, Road','Sodales Purus In Limited'),(11,' 532767616 ',' 813439564 ','7706 Dictum St.','Sed Corp.'),(12,' 402083659 ',' 923806583 ','Ap #542-513 Euismod Road','Ut Company'),(13,' 405541497 ',' 166550809 ','165-6926 Nulla Ave','Donec Feugiat Limited'),(14,' 809321662 ','324345849 ','1436 Fringilla. Rd.','Odio Semper Cursus Incorporated'),(15,' 402083659 ',' 737237982 ','P.O. Box 961, 7925 Sed St.','Ac Corporation'),(16,' 103914310 ',' 518850391 ','605-5513 Aliquam St.','Turpis Consulting'),(17,' 103914310 ',' 923806583 ','P.O. Box 495, 4505 Et Road','Ut Mi Foundation'),(18,' 408779782 ',' 597105960 ','180 Vel, Rd.','Donec Foundation'),(19,' 816865195 ',' 437545349 ','Ap #227-5082 Proin Road','Erat Semper Associates'),(20,' 205275698 ',' 335271125 ','664-5884 In Ave','Et Netus Inc.'),(21,' 201781519 ',' 597105960 ','P.O. Box 348, 1007 Augue. Rd.','Neque Vitae LLP'),(22,' 900105550 ','324345849 ','P.O. Box 664, 8625 Magna. Rd.','Consequat Incorporated'),(23,' 201781519 ',' 358871345 ','P.O. Box 493, 8466 Magnis St.','Eget Varius Ultrices PC'),(24,' 908167573 ',' 942853389 ','Ap #972-3764 A, Avenue','Et Ultrices Company'),(25,' 128564200 ',' 376307746 ','500-9416 Malesuada Road','Donec Associates'),(26,' 755291762 ',' 597105960 ','Ap #976-4519 Velit St.','Eget Massa LLC'),(27,' 471055124 ',' 376307746 ','Ap #536-5177 Ut Avenue','Tempus Scelerisque Company'),(28,' 658173009 ',' 597765590 ','P.O. Box 499, 3372 Turpis Road','Tempor Diam Foundation'),(29,' 103639961 ',' 903416834 ','686-9367 Dis Avenue','Sed Pharetra Foundation'),(30,' 900105550 ',' 597765590 ','P.O. Box 958, 5207 Feugiat. Rd.','Adipiscing Ligula Ltd'),(31,' 128564200 ',' 479467572 ','P.O. Box 285, 4060 Dictum Road','Porttitor Vulputate Corp.'),(32,' 155261652 ',' 518850391 ','P.O. Box 224, 2623 Quam Av.','Velit Cras LLP'),(33,' 414621576 ',' 171023690 ','P.O. Box 886, 192 Mollis. Av.','Vitae Industries'),(34,' 402083659 ',' 376307746 ','P.O. Box 722, 8283 Luctus Avenue','Cursus Incorporated'),(35,' 658531759 ',' 597105960 ','Ap #528-4289 Urna. St.','Facilisis Corporation'),(36,' 908167573 ',' 903416834 ','Ap #257-7805 Faucibus Road','Maecenas Foundation'),(37,' 306020173 ',' 335271125 ','P.O. Box 408, 6251 Montes, Street','Cubilia Institute'),(38,' 405541497 ',' 884617340 ','332-2625 Augue St.','Nulla LLP'),(39,' 226039403 ',' 238999850','663-9364 Vestibulum, Avenue','Metus Industries'),(40,' 967034011 ',' 884617340 ','Ap #656-4689 Purus, Street','Mauris Aliquam Associates'),(41,' 788337175 ','324345849 ','Ap #131-1700 Convallis Rd.','Massa Vestibulum Institute'),(42,' 471055124 ',' 238999850','3049 Vestibulum St.','Gravida Aliquam Tincidunt Institute'),(43,' 201781519 ',' 884617340 ','P.O. Box 615, 1527 Rutrum St.','Tristique Company'),(44,' 230431944 ',' 479467572 ','P.O. Box 626, 9457 Nec Rd.','Ipsum Sodales Industries'),(45,' 155261652 ',' 171023690 ','2390 Sed St.','Lorem Eu Metus Industries'),(46,' 974444157 ',' 437545349 ','9179 Per Ave','Sed Dictum Incorporated'),(47,' 230431944 ',' 923806583 ','Ap #160-8832 Non Road','Urna Convallis Company'),(48,' 306020173 ','324345849 ','P.O. Box 591, 7556 Eleifend, Av.','Mollis Duis Sit PC'),(49,' 295234549 ',' 737237982 ','734-2349 Id, Street','Dui Fusce Diam Limited'),(50,' 755291762 ',' 942853389 ','P.O. Box 815, 3644 Consectetuer Av.','Non Institute');


INSERT INTO DIVIDED_IN (Divided_Id,Id_Project,Stage_Id,Start_Date,End_Date,Status) VALUES (1,12,17,'2015-12-08','2016-10-07','true'),(2,10,1,'2015-12-09','2016-08-05','true'),(3,42,2,'2015-10-28','2016-07-25','true'),(4,43,9,'2015-10-20','2016-01-11','true'),(5,23,4,'2015-10-18','2016-01-20','true'),(6,47,16,'2015-11-01','2016-01-27','true'),(7,22,13,'2015-12-07','2016-09-22','true'),(8,31,4,'2015-10-23','2016-04-15','true'),(9,16,15,'2015-11-15','2016-09-25','true'),(10,25,15,'2015-10-19','2016-02-02','true'),(11,24,4,'2015-10-10','2016-03-22','true'),(12,6,2,'2015-12-15','2016-09-19','true'),(13,5,15,'2015-11-25','2016-05-06','true'),(14,42,8,'2015-10-27','2016-04-06','true'),(15,15,7,'2015-11-09','2016-03-30','true'),(16,12,10,'2015-12-16','2016-10-08','true'),(17,49,8,'2015-12-03','2016-07-16','true'),(18,5,3,'2015-12-11','2016-02-18','true'),(19,17,2,'2015-11-22','2016-04-28','true'),(20,12,7,'2015-11-18','2016-08-23','true'),(21,2,8,'2015-12-15','2016-02-07','true'),(22,33,5,'2015-11-08','2016-04-05','true'),(23,37,1,'2015-11-20','2016-08-13','true'),(24,48,17,'2015-10-30','2016-07-10','true'),(25,10,13,'2015-11-12','2016-01-23','true'), (26,34,15,'2015-12-08','2016-09-13','true'),(27,34,0,'2015-12-11','2016-05-04','true'),(28,19,9,'2015-11-28','2016-04-19','true'),(29,40,12,'2015-10-31','2016-06-27','true'),(30,50,0,'2015-12-01','2016-09-07','true'),(31,43,8,'2015-10-21','2016-02-21','true'),(32,14,14,'2015-11-18','2016-09-02','true'),(33,36,5,'2015-11-02','2016-05-21','true'),(34,41,0,'2015-10-28','2016-06-12','true'),(35,2,9,'2015-10-08','2016-05-31','true'),(36,30,5,'2015-12-09','2016-06-11','true'),(37,31,5,'2015-12-04','2016-04-17','true'),(38,25,6,'2015-10-14','2016-05-29','true'),(39,33,7,'2015-11-17','2016-10-03','true'),(40,6,1,'2015-12-06','2016-03-05','true'),(41,24,6,'2015-11-22','2016-01-27','true'),(42,47,8,'2015-12-04','2016-08-02','true'),(43,42,5,'2015-11-03','2016-03-30','true'),(44,45,14,'2015-12-01','2016-04-07','true'),(45,42,10,'2015-10-14','2016-07-29','true'),(46,29,3,'2015-11-17','2016-05-26','true'),(47,22,9,'2015-10-26','2016-08-22','true'),(48,3,10,'2015-12-15','2016-02-23','true'),(49,31,8,'2015-11-26','2016-06-04','true'),(50,17,13,'2015-12-16','2016-07-13','true'), (51,11,0,'2015-10-10','2016-09-04','true'),(52,16,1,'2015-12-12','2016-01-23','true'),(53,19,17,'2015-12-09','2016-04-09','true'),(54,35,2,'2015-12-10','2016-04-12','true'),(55,49,0,'2015-10-13','2016-07-21','true'),(56,25,14,'2015-12-01','2016-03-03','true'),(57,29,10,'2015-10-27','2016-06-04','true'),(58,43,5,'2015-12-07','2016-03-22','true'),(59,9,14,'2015-10-23','2016-08-13','true'),(60,7,3,'2015-12-07','2016-04-25','true'),(61,11,13,'2015-10-18','2016-09-07','true'),(62,46,11,'2015-10-24','2016-08-22','true'),(63,36,8,'2015-11-04','2016-05-18','true'),(64,26,5,'2015-11-17','2016-09-17','true'),(65,19,12,'2015-12-13','2016-02-16','true'),(66,39,10,'2015-12-09','2016-01-20','true'),(67,38,1,'2015-12-17','2016-03-28','true'),(68,17,3,'2015-11-26','2016-08-11','true'),(69,13,10,'2015-11-11','2016-09-14','true'),(70,36,12,'2015-12-07','2016-10-07','true'),(71,4,4,'2015-11-23','2016-05-20','true'),(72,22,4,'2015-12-17','2016-04-09','true'),(73,34,17,'2015-10-28','2016-06-18','true'),(74,3,14,'2015-11-27','2016-03-13','true'),(75,22,5,'2015-12-18','2016-06-16','true'), (76,3,2,'2015-10-08','2016-01-30','true'),(77,50,5,'2015-11-17','2016-05-24','true'),(78,6,17,'2015-11-05','2016-04-23','true'),(79,7,13,'2015-10-26','2016-03-07','true'),(80,7,13,'2015-12-07','2016-03-25','true'),(81,3,13,'2015-11-06','2016-06-08','true'),(82,21,6,'2015-11-27','2016-06-28','true'),(83,31,2,'2015-12-01','2016-01-23','true'),(84,3,5,'2015-11-12','2016-09-01','true'),(85,25,7,'2015-11-02','2016-08-17','true'),(86,4,9,'2015-12-05','2016-07-22','true'),(87,11,16,'2015-12-12','2016-06-15','true'),(88,41,9,'2015-12-13','2016-02-14','true'),(89,31,12,'2015-11-24','2016-06-21','true'),(90,47,4,'2015-11-28','2016-06-12','true'),(91,50,2,'2015-10-09','2016-07-24','true'),(92,25,16,'2015-11-16','2016-01-12','true'),(93,20,1,'2015-11-20','2016-05-02','true'),(94,16,16,'2015-11-30','2016-03-18','true'),(95,19,5,'2015-11-04','2016-05-18','true'),(96,45,5,'2015-11-20','2016-06-09','true'),(97,16,5,'2015-11-28','2016-07-14','true'),(98,13,3,'2015-10-21','2016-07-18','true'),(99,49,14,'2015-10-26','2016-04-02','true'),(100,7,2,'2015-10-13','2016-08-04','true'), (101,45,15,'2015-12-02','2016-06-10','false'),(102,2,16,'2015-12-13','2016-02-03','false'),(103,47,10,'2015-11-08','2016-01-17','false'),(104,5,6,'2015-11-29','2016-08-08','false'),(105,19,11,'2015-11-29','2016-10-02','false'),(106,22,3,'2015-11-26','2016-09-03','false'),(107,12,1,'2015-12-16','2016-06-30','false'),(108,18,15,'2015-11-01','2016-07-21','false'),(109,1,15,'2015-10-12','2016-08-03','false'),(110,3,11,'2015-10-12','2016-01-07','false'),(111,6,6,'2015-10-08','2016-06-09','false'),(112,46,1,'2015-10-15','2016-04-25','false'),(113,28,10,'2015-12-12','2016-01-23','false'),(114,3,17,'2015-11-27','2016-05-12','false'),(115,41,17,'2015-12-03','2016-05-17','false'),(116,39,13,'2015-12-13','2016-05-13','false'),(117,44,6,'2015-10-10','2016-09-18','false'),(118,16,1,'2015-11-14','2016-06-20','false'),(119,30,1,'2015-11-23','2016-03-11','false'),(120,34,1,'2015-12-07','2016-04-17','false'),(121,23,1,'2015-12-08','2016-04-03','false'),(122,16,17,'2015-10-30','2016-10-06','false'),(123,6,13,'2015-10-17','2016-09-23','false'),(124,8,11,'2015-11-19','2016-01-25','false'),(125,32,4,'2015-10-08','2016-04-17','false');
INSERT INTO DIVIDED_IN (Divided_Id,Id_Project,Stage_Id,Start_Date,End_Date,Status) VALUES (126,10,5,'2015-11-27','2016-08-08','false'),(127,1,10,'2015-12-08','2016-09-17','false'),(128,25,13,'2015-10-08','2016-01-27','false'),(129,45,7,'2015-11-04','2016-01-22','false'),(130,21,2,'2015-11-15','2016-02-06','false'),(131,7,4,'2015-10-08','2016-04-01','false'),(132,48,11,'2015-10-18','2016-07-27','false'),(133,19,9,'2015-10-25','2016-06-22','false'),(134,22,3,'2015-11-28','2016-06-02','false'),(135,43,10,'2015-10-24','2016-10-03','false'),(136,8,13,'2015-12-12','2016-02-16','false'),(137,43,15,'2015-10-12','2016-05-18','false'),(138,27,12,'2015-11-07','2016-03-25','false'),(139,43,13,'2015-11-01','2016-01-10','false'),(140,19,3,'2015-11-05','2016-07-26','false'),(141,10,8,'2015-11-01','2016-08-05','false'),(142,37,5,'2015-11-24','2016-09-18','false'),(143,8,17,'2015-11-11','2016-02-28','false'),(144,8,11,'2015-10-09','2016-01-25','false'),(145,19,4,'2015-11-20','2016-08-22','false'),(146,36,9,'2015-11-18','2016-04-18','false'),(147,50,9,'2015-10-22','2016-09-29','false'),(148,28,0,'2015-11-29','2016-07-06','false'),(149,21,17,'2015-12-17','2016-04-23','false'),(150,21,13,'2015-10-16','2016-08-21','false'), (151,10,11,'2015-11-25','2016-07-24','false'),(152,24,13,'2015-12-05','2016-09-28','false'),(153,31,12,'2015-11-26','2016-08-18','false'),(154,38,3,'2015-11-27','2016-08-29','false'),(155,16,16,'2015-11-22','2016-05-18','false'),(156,48,0,'2015-11-07','2016-09-26','false'),(157,12,17,'2015-11-23','2016-03-26','false'),(158,16,4,'2015-11-19','2016-05-18','false'),(159,14,14,'2015-10-15','2016-04-15','false'),(160,2,2,'2015-12-04','2016-02-06','false'),(161,30,2,'2015-11-29','2016-04-17','false'),(162,11,1,'2015-10-25','2016-04-10','false'),(163,36,10,'2015-12-14','2016-08-27','false'),(164,44,14,'2015-11-06','2016-05-11','false'),(165,49,12,'2015-11-26','2016-08-09','false'),(166,19,1,'2015-12-04','2016-08-08','false'),(167,37,8,'2015-10-23','2016-03-26','false'),(168,49,7,'2015-11-01','2016-10-02','false'),(169,42,1,'2015-10-30','2016-09-11','false'),(170,14,1,'2015-11-19','2016-08-01','false'),(171,7,4,'2015-11-29','2016-08-07','false'),(172,41,10,'2015-12-11','2016-07-01','false'),(173,35,1,'2015-11-29','2016-05-03','false'),(174,33,5,'2015-12-07','2016-02-07','false'),(175,49,16,'2015-10-09','2016-02-24','false'), (176,19,3,'2015-12-09','2016-09-22','false'),(177,31,14,'2015-12-17','2016-07-18','false'),(178,45,13,'2015-11-11','2016-03-16','false'),(179,7,5,'2015-11-26','2016-05-19','false'),(180,37,5,'2015-11-16','2016-07-29','false'),(181,44,1,'2015-10-24','2016-02-17','false'),(182,19,11,'2015-11-26','2016-06-27','false'),(183,41,13,'2015-12-04','2016-07-26','false'),(184,16,16,'2015-12-17','2016-07-14','false'),(185,11,1,'2015-12-10','2016-10-03','false'),(186,34,15,'2015-12-11','2016-03-31','false'),(187,19,16,'2015-12-04','2016-05-17','false'),(188,13,6,'2015-11-17','2016-02-03','false'),(189,19,12,'2015-11-09','2016-04-06','false'),(190,17,11,'2015-11-26','2016-06-28','false'),(191,43,17,'2015-11-08','2016-10-07','false'),(192,24,8,'2015-11-12','2016-08-29','false'),(193,13,3,'2015-11-28','2016-07-25','false'),(194,1,11,'2015-11-30','2016-01-14','false'),(195,8,7,'2015-10-14','2016-09-17','false'),(196,15,14,'2015-10-25','2016-07-14','false'),(197,26,8,'2015-11-17','2016-02-29','false'),(198,17,6,'2015-11-09','2016-04-03','false'),(199,19,7,'2015-12-10','2016-05-25','false'),(200,43,15,'2015-11-22','2016-09-26','false');

INSERT INTO MATERIAL(Name, Price, Description) VALUES ('Clavos', 12, 'Clavos de Media Pulgada'), ('Puerta Residencial', 100, 'Puertas residenciales de interior, hechas de madera'), ('Vallas de seguridad', 100, 'Valla de metal utilizada para proteger una area'), ('Silla Alta', 40, 'Silla alta utilizada en un desayunador'), ('Mesa plegable', 20, 'Mesa portable para el exterior de una habitación'), ('Andamio', 125, 'Estructura metálica utilizada para alcanzar áreas altas en un edificio'), ('Carretillo', 30, 'Objeto utilizado para cargar materiales'), ('Lamina ondulada', 23, 'Lamina de zinc utilizada para proteger contra elementos'), ('Cemento', 40, 'Material utilizado para construcción de paredes y cimientos'), ('Varillas', 13, 'Utilizadas en conjunto con concreto para reforzar paredes'), ('Madera', 45, 'Tablas genéricas de madera'), ('Ceramica', 30, 'Utilizadas para cubrir pisos'), ('Pintura Blanca', 35, 'Pintura antihongos para exteriores'), ('Tornillos', 2, 'Material utilizado para asegurar materiales en conjunto con otros'), ('Tuercas', 5, 'Utilizadas para asegurar tornillos a otras estrucutras'), ('Bisagra', 14, 'Utilizda en puertas para permitir movimientos sobre un pivote'), ('Regla 2"', 7, 'Reglas de mandera de 2" utilizda para soporte estructural'), ('Toma Corriente', 10, 'Cubierta de plástico para cubrir cables en las salidas de los tomacorrientes'), ('Panel Solar', 150, 'Elemento utilizado para recolectar energía solar y utilizarla para otros objetos en la casa'), ('Grifo', 12, 'Elemento metálico para determinar el nivel de agua en la salida'), ('Cable de Cobre', 12, 'Cable utilizado para realizar todas las conneciones eléctricas');


INSERT INTO POSSESES (Id_Material,Divided_Id,Quantity) VALUES (6,52,5),(17,154,8),(12,1,9),(14,148,8),(8,15,14),(19,143,4),(14,159,6),(6,190,1),(17,96,4),(13,128,4),(5,101,10),(4,186,9),(15,89,15),(4,89,1),(14,180,14),(7,97,4),(10,107,11),(11,145,4),(15,158,7),(5,183,9),(6,56,12),(3,128,10),(8,72,1),(16,150,7),(15,83,2),(12,104,12),(3,36,6),(7,137,7),(18,142,1),(1,186,7),(14,159,5),(20,140,5),(2,66,14),(8,193,11),(5,158,14),(13,111,9),(2,105,14),(8,81,13),(8,31,2),(1,89,4),(7,93,13),(13,46,14),(11,118,12),(6,141,2),(15,110,3),(20,47,11),(2,57,3),(3,45,12),(21,189,6),(19,79,14),(19,137,5),(17,64,2),(12,68,12),(3,92,15),(18,49,13),(2,77,3),(12,141,5),(16,114,12),(1,21,4),(5,69,2),(19,104,12),(3,100,2),(15,194,14),(3,12,14),(17,60,14),(6,17,12),(3,194,11),(20,180,9),(21,26,2),(20,114,3),(14,53,12),(19,107,10),(21,120,6),(19,194,14),(11,71,10),(3,137,6),(17,114,7),(5,9,9),(9,172,6),(16,18,13),(11,124,9),(18,185,3),(7,160,3),(9,9,1),(1,142,6),(21,142,2),(18,177,9),(5,158,7),(16,57,14),(8,61,5),(18,94,11),(17,93,2),(9,137,13),(1,92,2),(6,135,4),(3,98,8),(9,118,10),(18,180,14),(17,148,6),(9,51,5), (4,141,12),(20,150,6),(12,98,5),(19,147,10),(5,144,8),(12,148,5),(1,22,2),(4,138,1),(4,29,9),(20,100,7),(12,180,12),(17,150,8),(3,15,6),(8,152,7),(9,197,12),(8,165,12),(19,146,10),(18,153,13),(5,136,9),(13,78,4),(4,177,11),(1,77,4),(20,124,8),(15,131,1),(10,45,5),(1,164,3),(13,76,1),(11,198,9),(17,37,1),(19,93,6),(16,194,6),(9,78,12),(12,186,3),(12,30,8),(10,139,3),(9,75,10),(14,98,8),(11,98,14),(16,43,10),(1,197,9),(18,128,10),(4,25,3),(4,13,3),(9,191,8),(21,146,3),(4,179,14),(7,133,7),(20,170,5),(15,71,4),(3,73,9),(19,1,1),(1,15,9),(18,113,4),(11,164,13),(2,36,11),(3,86,5),(8,72,9),(8,185,1),(13,50,12),(14,196,1),(13,91,5),(15,133,10),(12,79,13),(5,161,9),(4,91,2),(20,177,13),(19,152,13),(16,116,9),(7,21,9),(14,99,11),(8,122,12),(16,109,3),(7,6,14),(10,24,14),(8,128,4),(4,56,2),(11,134,9),(20,150,13),(21,40,8),(14,138,10),(12,143,13),(20,57,9),(11,174,4),(12,52,12),(11,172,9),(4,103,13),(13,88,8),(12,20,15),(6,60,7),(21,175,8),(16,34,9),(3,15,8),(3,128,14),(18,64,1),(13,186,9),(21,125,6),(11,172,13),(9,196,3),(19,35,6),(4,29,15), (15,119,15),(11,87,2),(10,34,2),(8,184,4),(17,85,6),(7,52,13),(14,81,9),(12,162,3),(10,181,11),(18,161,13),(18,57,13),(18,41,3),(19,43,5),(19,111,6),(4,112,7),(7,63,14),(19,12,8),(11,116,5),(14,33,13),(13,24,15),(19,161,14),(18,189,2),(16,29,8),(17,135,3),(11,6,2),(13,160,13),(21,89,4),(13,179,4),(20,108,7),(7,183,6),(1,149,13),(3,196,13),(4,82,15),(1,5,2),(3,53,13),(21,40,11),(13,167,8),(15,81,4),(17,90,2),(18,62,13),(9,119,8),(5,2,14),(10,139,5),(9,56,3),(1,186,11),(9,143,5),(12,171,8),(14,144,3),(14,41,1),(13,74,15),(9,62,15),(21,165,1),(6,183,3),(13,33,2),(14,26,3),(7,111,2),(1,185,2),(8,29,4),(19,15,4),(19,116,9),(13,106,8),(4,136,7),(16,138,5),(20,132,15),(16,75,7),(1,42,1),(11,98,14),(14,68,8),(18,86,8),(13,136,10),(18,45,10),(5,106,10),(3,152,6),(7,34,13),(12,122,3),(11,142,10),(3,149,3),(2,28,1),(12,36,11),(9,138,12),(15,83,13),(18,48,4),(20,104,8),(9,33,10),(16,98,1),(14,39,9),(16,170,4),(12,148,2),(1,169,11),(18,186,6),(7,169,6),(4,186,5),(3,65,1),(19,60,8),(16,73,8),(10,176,14),(10,33,14),(1,95,6),(7,35,3),(15,79,12), (18,121,4),(11,127,11),(17,149,5),(1,150,6),(2,119,13),(7,200,10),(21,158,9),(11,143,8),(10,61,11),(13,100,12),(21,160,9),(6,164,6),(1,113,11),(11,21,5),(5,117,15),(17,52,4),(13,36,5),(9,111,2),(2,106,6),(4,127,13),(4,118,6),(13,137,3),(12,16,10),(21,148,13),(16,157,9),(1,189,9),(6,95,9),(2,16,1),(15,45,6),(6,180,5),(6,42,6),(11,47,14),(7,28,9),(6,10,4),(18,67,10),(17,76,2),(17,42,12),(10,49,7),(12,143,7),(4,188,12),(12,60,2),(13,72,8),(17,65,5),(16,116,2),(4,178,5),(16,31,13),(1,108,4),(6,187,1),(6,175,13),(20,27,15),(8,200,14),(6,98,11),(5,80,12),(15,155,6),(9,151,2),(7,103,11),(16,1,4),(7,104,3),(17,7,2),(5,56,13),(1,152,7),(19,95,5),(4,148,14),(2,157,9),(12,130,8),(12,137,7),(6,106,4),(4,198,12),(12,77,4),(2,16,7),(6,197,9),(2,146,1),(6,106,1),(20,130,7),(16,29,7),(17,3,2),(5,4,4),(2,98,6),(7,7,8),(20,133,9),(1,172,5),(4,140,1),(7,98,2),(7,62,9),(15,174,15),(19,13,7),(21,167,7),(4,142,11),(15,48,2),(7,172,6),(14,21,8),(16,81,14),(2,144,10),(13,170,5),(3,132,11),(4,17,5),(12,181,15),(20,90,4),(17,200,3),(19,134,12);
